artist_followers,artist_id,artist_image_url,artist_name,artist_popularity,artist_rank,related_artists_ids,related_artists_names
3549578.0,7c0XG5cIJTrrAgEC3ULPiq,https://i.scdn.co/image/38c4d40a0baf5c1a31bb5b09ac07a32d5d11d7e0,Ty Dolla $ign,91.0,1.0,"['6KZDXtSj0SzGOV705nNeh3', '2jku7tDXc6XoB6MO2hFuqg', '19Fi1Rj7kk8kyiwxpXy3yM', '5oNgAs7j5XcBMzWv3HAnHG', '6vXTefBL93Dj5IqAWq6OTv', '67nwj3Y5sZQLl72VNUHEYE', '3KV3p5EY4AvKxOlhGHORLg', '4tMm1dU6Gn04VAZ9ClHcIZ', '17lzZA2AlOHwCwFALHttmp', '7ibAWtDtmEfaVhc1FJ3Vl9', '5OrB6Jhhrl9y2PK0pSV4VP', '5bgfj5zUoWpyeVatGDjn6H', '7mDU6nMUJnOSY2Hkjz5oqM', '0YinUQ50QDB7ZxSCLyQ40k', '0NWbwDZY1VkRqFafuQm6wk', '0f5nVCcR06GX8Qikz0COtT', '6d47Z08T4snK50HgTEHo5Z', '0399oiMcmbOzzsYQDNYqxn', '2EMAnMvWE2eb56ToJVfCWs', '2iojnBLj0qIMiKPvVhLnsH']","['Kid Ink', 'Tory Lanez', 'August Alsina', 'DJ Drama', 'French Montana', 'Wale', 'Jeremih', 'Jacquees', '2 Chainz', 'Eric Bellinger', 'Young Money', 'K CAMP', 'Roy Woods', 'Mustard', 'Mike WiLL Made-It', 'Omarion', 'Sage The Gemini', 'Problem', 'Bryson Tiller', 'Trey Songz']"
140.0,0cePXkZbB6Ehoy4EiKLIc1,https://i.scdn.co/image/36e9ea8aed73dca55a0b120fba4dab486e92e2cf,Tapri Grams,27.0,2.0,"['5JPm0OhnoxswDh5mxZ0JYs', '2y3cNK7s1jzciV78v3Xei3', '4JxatpbcAgr7UWnIngnNPD', '0zQy47x2qJQ6J3pvjBwDZ5', '1Vh6MAxEaUJusA1hwzrLhm', '63FIRo90iuMjz2byQS6nmz', '1l61CX1j6go8arTjPH9wy0', '1yNU9PktV7cr5dZQPtkXpi', '6T4tcUkLcppayRBkcjXR0V', '0YZQkExXWIRxmnW08hept7', '5u2OAxF8Fz7s7BwusF0w7h', '6cUpFVxDYWed9WxtC4QgC5', '1m3X5E8NvaHIKLTk1xf2af', '1yI0tX9OnfOx9siPj8KNOO', '5a9jbP96ZRy1Olan4epgKg', '2Xs5d841h62itOX9RuPjk2', '1n5X8uMaNKFI4BAXFpD2AZ', '1tpd6NCdH7JbXu272XTkSs', '5cArDHkqduJNS4bIuR1mnU', '1pWm8RcyiWZehSnb38i4fM']","['Gotdamnitdupri', 'Siete Gang Yabbie', 'Spank Nitti James', 'Johnny Rose', 'Coot Corleone', 'Zoe Osama', 'BlueBucksClan', 'YHG Pnut', 'Ketchy the Great', ""O'Way"", 'GoGetta.Kb', 'Wallie the Sensei', '88thagang', 'Ralfy the Plug', 'ComptonAsstg', 'Saviii 3rd', 'JpThaRuler', 'Young Who', 'Kt Foreign', 'Young Slo-Be']"
122643.0,0p4ViyfJUTW0IT4SCBLexf,https://i.scdn.co/image/b90f063ef39b7350b70d8b8b27f6d6505a546804,Drakeo the Ruler,60.0,3.0,"['2TImI3DW7o5MdRXJs4D37h', '0FtsMKmZEq8fBWqdSOWtqp', '1cutd8e41XvxXnFPOFIxMD', '3DiSC0nSNNWpPy5ZK3mcrz', '1R4jDezcLcFxrJ9PHNrbG0', '2Bb57H1EnnHxtpSyOAJF8l', '7q836WTO8OHUS85E2RyxxA', '6fqjJNsLs7g6F3PXy01Xnw', '3tqosLbNFNekyZyO2KJ6qd', '5ULJ18n8PZ9rJv5kYsZByV', '0dT2U2jUx6OmKlyeQOH8AK', '6vCAhgYcKSL1curqoT6eNu', '0jkqzWx5N4y8CmFFiUCkRz', '4Q2hTDZYFCohf17D5GvkIb', '31t9hT68QYCDPWkkUVrQjY', '4tYSBptyGeVyZsk8JC4JHZ', '1l61CX1j6go8arTjPH9wy0', '3RNcvKfUnyALZxATNSO8PS', '33YOw3idBhwSFkYkktqssV', '3P7mWw117EiOJGINzst7JK']","['SOB X RBE', '03 Greedo', 'ALLBLACK', 'Nef The Pharaoh', 'DaBoii', 'Frostydasnowmann', 'Rucci', 'AzChike', 'Mike Sherm', 'Lil Pete', 'ShooterGang Kony', '1takejay', 'MemoTheMafioso', 'G Perico', 'Bravo the Bagchaser', 'Shoreline Mafia', 'BlueBucksClan', 'Capolow', 'Peso Da Goon', 'Bravo Tha Locc']"
469.0,0788Kk8S8NrmerJNFwNMrC,https://i.scdn.co/image/ab67616d0000b273c427ae1bc330d8af7535a950,Gudda Mack,18.0,4.0,"['7vDy8i8XeT4KIHiHHyK68E', '5a9jbP96ZRy1Olan4epgKg', '1q2nUylEqrRJkiDkXa39Mw', '1rTam66Dd9o4YSuNQSLdxd', '1aQRe18EFgH0nxSm9bmo4v', '25xbdVYkezCt9cguS5SXRN', '1TNh3LHenKgcPEBeFlfqJK', '4JxatpbcAgr7UWnIngnNPD', '2Xs5d841h62itOX9RuPjk2', '1rT1XsORFeR5RUQRQNuZ6R', '38AzwuDc0OKXF7Yx7SsrOf', '6wrQP6EAQRd8GLl9tilJdH', '7DaLbUpK6lANHXSYOPh7RQ', '4ZdF7XtdWwvhE0ezhTNLtk', '5u2OAxF8Fz7s7BwusF0w7h', '0zQy47x2qJQ6J3pvjBwDZ5', '70LeECrcNFIOvGZqe8byzQ', '3MeyqB6fA2aj1NZq6ztjRk', '6CPTMFjo7Sq3ACuzHsXVkt', '4ifWa8uYjvbxB4ouf9XbW5']","['Teeezy', 'ComptonAsstg', 'YoungThreat', 'Blue Ragg$', 'DW FLAME', 'DA Bully', 'FT HopOut', 'Spank Nitti James', 'Saviii 3rd', 'TTB FREDO', 'Jooba Loc', 'Conradfrmdaaves', 'Ayoomeco', 'Nfant', 'GoGetta.Kb', 'Johnny Rose', 'Trucarr', 'Celly Ru', 'Big Sad 1900', 'Compton Av']"
50701765.0,3TVXtAsR1Inumwj472S9r4,https://i.scdn.co/image/60cfab40c6bb160a1906be45276829d430058005,Drake,100.0,5.0,"['0c173mlxpT3dSFRgMO8XPh', '6l3HvQ5sa6mXTsMTB19rO5', '67nwj3Y5sZQLl72VNUHEYE', '3KV3p5EY4AvKxOlhGHORLg', '1sBkRIssrMs1AbVkOJbc7a', '20sxb77xiYeusSH8cVdatc', '0QHgL1lAIqAw0HtD7YldmP', '17lzZA2AlOHwCwFALHttmp', '2jku7tDXc6XoB6MO2hFuqg', '2HPaUgqeutzr3jx5a9WyDV', '6vXTefBL93Dj5IqAWq6OTv', '2EMAnMvWE2eb56ToJVfCWs', '7c0XG5cIJTrrAgEC3ULPiq', '50co4Is1HCEo8bhOyUWKpn', '5LHRHt1k9lMyONurDHEdrp', '360IAlyVv4PCEVjgyMZrxK', '4IVAbR2w4JJNJDDRFP3E83', '7rkW85dBwwrJtlHRDkJDAC', '1RyvyyTE3xzB2ZywiAwp0i', '5IcR3N7QB1j6KBL8eImZ8m']","['Big Sean', 'J. Cole', 'Wale', 'Jeremih', 'Rick Ross', 'Meek Mill', 'DJ Khaled', '2 Chainz', 'Tory Lanez', 'PARTYNEXTDOOR', 'French Montana', 'Bryson Tiller', 'Ty Dolla $ign', 'Young Thug', 'Tyga', 'Miguel', '6LACK', 'NAV', 'Future', 'ScHoolboy Q']"
52787436.0,66CXWjxzNUsdJxJ2JdwvnR,https://i.scdn.co/image/f8c793519d837ca2f920c561535fe62ef32e8e5b,Ariana Grande,99.0,6.0,"['4nDoRrQiYLoBzwC5BhVJzF', '1l8Fu6IkuTP0U5QetQJ5Xt', '0C8ZW7ezQVs4URX5aX7Kqx', '2wUjUUtkb5lvLKcGKsKqsR', '6S2OmqARrzebs0tKUEyXyp', '5ZsFI1h6hIdQRw2ti0hz81', '5p7f24Rk5HkUZsaS3BLG5F', '1o2NpYGqHiCq7FoiYdyd1x', '1Xylc3o4UrD53lo9CvFvVg', '0ZED1XzwlLHW4ZaG4lOT6m', '2kRfqPViCqYdSGhYSM9R0Q', '0AsThoR4KZSVktALiNcQwW', '5YGY8feqx7naU7z4HrwZM6', '26VFTg2z8YR0cCuwLzESi2', '3e7awlrlDSwF3iM0WBjGMp', '6dJeKm76NjfXBNTpHmOhfO', '1BhWF9W2PngtPSyobKg0rP', '1uNFoZAHBGtllmzznpCI3s', '0hCNtLu0JehylgoiP8L4Gh', '64M6ah0SkkRsnPGtGiRAbb']","['Camila Cabello', 'Fifth Harmony', 'Selena Gomez', 'Alessia Cara', 'Demi Lovato', 'ZAYN', 'Hailee Steinfeld', 'Bea Miller', 'Zara Larsson', 'Julia Michaels', 'Madison Beer', 'Chloe x Halle', 'Miley Cyrus', 'Halsey', 'Little Mix', 'Selena Gomez & The Scene', 'Pia Mia', 'Justin Bieber', 'Nicki Minaj', 'Bebe Rexha']"
50713.0,6fqjJNsLs7g6F3PXy01Xnw,https://i.scdn.co/image/b77c990634cb5b4b3b533e3403a33c8bcb9eb262,AzChike,58.0,7.0,"['2Bb57H1EnnHxtpSyOAJF8l', '4y5IK8VBswkl40ltpHI5o9', '5cArDHkqduJNS4bIuR1mnU', '3tqosLbNFNekyZyO2KJ6qd', '0dT2U2jUx6OmKlyeQOH8AK', '47TMF0JlFsz01KilGzc5Ly', '33YOw3idBhwSFkYkktqssV', '08jCyIC4E6iQjr4nrd1yDA', '6wrQP6EAQRd8GLl9tilJdH', '1zrPF8R0QgYR6BPVelfVr0', '0BfxMYdkqRuwPXsSwEf5RE', '16Nc36xAtNyQ7BMBcDsaLv', '7vepnwRvKefoPW3f6Gl4bn', '5zQfnouqTKWoY16rdwUrwt', '6aZZ6qx9EC5lE3PISBrosR', '0h0C8mMT21p0Ixq6qO1UMH', '07l5dehvaI0bMl8JDwKh82', '6kQWPGBItT0oMCHZy3M9DN', '2aqdy2BLMhGFHhRb1ZbDCF', '6QI41kOWTHVyegc7LHdBD4']","['Frostydasnowmann', 'Almighty Suspect', 'Kt Foreign', 'Mike Sherm', 'ShooterGang Kony', 'Kalan.FrFr', 'Peso Da Goon', 'Vinny West', 'Conradfrmdaaves', 'Shootergang JoJo', 'Slimmy B', 'Likybo', 'BOE Sosa', 'Salsalino', 'Lil Sheik', '$tupid Young', 'Robbioso', 'RJMrLA', 'MBNel', 'G-Bo Lean']"
2567.0,7jun6jJ4LOAQfx5gSs6mJX,https://i.scdn.co/image/07059d9ae335d2f412bbf7e74489d5faeff5c932,Zae France,28.0,8.0,"['60jDnkxR5FyCUAGUX4zDNv', '0ftnVnpLz9yBbw8jCO9uXo', '0W6ygO3cS60iJHYUU281cp', '6TrQLQR8tUluPbmdPy6jqY', '7t7KCNFOwuMChaQg6L8I69', '5kmcKvoT2hRuXOGnjcXc8e', '6vZUJpsm4VHjSWpedp05vg', '4z9qdU7fZTF4fY5PTviqtL', '1sXjt6XF2hUgabKoaksNu3', '4U6sGpoCZvYkwmwB3VtRTW', '0Maq4Nk8ZM6keGZjTCXGIH', '2FcXBEz4zZpJGNO8CSrchU', '6EcOx4ckQkF54MS9mKPHhj', '5AzjednUL6MFJP0dBic3be', '756t7CBmWLNYsshVtS6P44', '2tKtLcxl6T2VdJdguRrXCq', '6WnCnGe06iOO6fTPYAPF03', '4p07QU02SrLsaORo25h2Lg', '78ujnVz1JjrhzAc6mBC2GL', '4kFWTKFddUzdFcWTDD2ikE']","['Jermaine Elliott', 'Chris Echols', '7AE', 'ELHAE', 'Jacob Latimore', 'MIKExANGEL', 'Trevor Jackson', 'Damar Jackson', 'Nieman J', 'Elliott Trent', 'Ye Ali', 'Jayla Darden', 'K-Major', 'Kenyon Dixon', 'Tone Stith', 'Mishon', 'Gemaine', 'Sammie', 'Marr Grey', 'Chrystian Lehr']"
549.0,04nzvlu1tO3DOzCSwL03yo,https://i.scdn.co/image/b675b59d945cbd80a06bfe63018ffe6b5d780842,Reem Riches,30.0,9.0,"['5e9vDUJB6zI9MPxL7WaL3k', '1yXXcC1S1PBbXlHWXlvYrU', '5zYCHW2U4mdc3Ke9iahsqH', '3mRjszdezNsQGp7SeL1ffX', '0xG8uG9nzLyuwoVIPF0xiM', '4Maf38TSoYT83qXqsO20JI', '1RXEL1MwAvaMsn7KAHe0g5', '54QA4zjZDOyaLN8bVthBjP', '1TNh3LHenKgcPEBeFlfqJK', '2i7sobfajSkxTTl7CYFitk', '1JhNLx2aikUAHfnzuwVw4q', '6kQWPGBItT0oMCHZy3M9DN', '474hvxrh0fWrSOcRDr4E64', '33VENhd4NxUxZztcOX7KP2', '4Q2hTDZYFCohf17D5GvkIb', '7vDy8i8XeT4KIHiHHyK68E', '2Xs5d841h62itOX9RuPjk2', '3xS4uqr3q6umIa74qTP62H', '0R4yXxa1YyORYIzlE3LfmB', '0IgLirgKCxQb13uM8FuQpR']","['Mike Wayne', 'TeeCee4800', 'Freddie Slappareli', 'Lil Bro PushazInk', 'Steelz', 'AD', 'Slim 400', 'Joe Moses', 'FT HopOut', 'D.Loc', 'Airplane James', 'RJMrLA', 'Slumlord Trill', 'Pacman da Gunman', 'G Perico', 'Teeezy', 'Saviii 3rd', 'Mitch', 'Niko G4', 'Yelohill']"
3137631.0,3Fl1V19tmjt57oBdxXKAjJ,https://i.scdn.co/image/6924d354dc0667e20868cc9d10c3117249fa6373,Blueface,79.0,10.0,"['1cNDP5yjU5vjeR8qMf4grg', '4Ga1P7PMIsmqEZqhYZQgDo', '7meyrw7Or5DwteYxDJrkCM', '392I9I5QMSyoA0FmI5pVfx', '3M1quhETLChtt9NHKVaajX', '1iJdyDcY98X3GMnUesl7tf', '757aE44tKEUQEqRuT6GnEB', '0huGjMyP507tBCARyzSkrv', '4r63FhuTkUYltbVAg5TQnk', '3gGUMEwIX6XodWsYEvKSal', '2HUwZ0kumzCSlhFcjFZfpp', '4TEJudQY2pXxVHPE3gD2EU', '44IvvHRk2XF243QLA2VOa8', '2HWXxzgBIr0RMSZmvMZeJU', '4IprNlQiJZUUJhDl0fL2SL', '5zctI4wO9XSKS8XwcnqEHk', '46SHBwWsqBkxI7EeeBEQG7', '0WOxhx4hikIsyF3CRPLC8W', '0ceH34CATvfgphxnLRWFkm', '6WkUZyqghQei2G809wMKuZ']","['YNW Melly', 'Lil Tecca', 'YK Osiris', 'Yung Tory', 'Quin Nfn', 'Comethazine', 'Roddy Ricch', 'Cordae', 'DaBaby', 'YBN Nahmir', 'Flipp Dinero', 'BlocBoy JB', 'Stunna 4 Vegas', 'YBN Almighty Jay', 'Quando Rondo', 'Lil Mosey', 'Kodak Black', 'Famous Dex', '9lokknine', 'Yung Bans']"
71490.0,2Bb57H1EnnHxtpSyOAJF8l,https://i.scdn.co/image/ab67616d0000b273d1629df6d0e0a81342ab22da,Frostydasnowmann,58.0,11.0,"['5cArDHkqduJNS4bIuR1mnU', '6fqjJNsLs7g6F3PXy01Xnw', '3tqosLbNFNekyZyO2KJ6qd', '4y5IK8VBswkl40ltpHI5o9', '33YOw3idBhwSFkYkktqssV', '0dT2U2jUx6OmKlyeQOH8AK', '7vepnwRvKefoPW3f6Gl4bn', '08jCyIC4E6iQjr4nrd1yDA', '0BfxMYdkqRuwPXsSwEf5RE', '0h0C8mMT21p0Ixq6qO1UMH', '5zQfnouqTKWoY16rdwUrwt', '1zrPF8R0QgYR6BPVelfVr0', '47TMF0JlFsz01KilGzc5Ly', '16Nc36xAtNyQ7BMBcDsaLv', '6aZZ6qx9EC5lE3PISBrosR', '07l5dehvaI0bMl8JDwKh82', '2dEmIfxJxjxQi7nvogEr2Q', '6QI41kOWTHVyegc7LHdBD4', '6wrQP6EAQRd8GLl9tilJdH', '2Xs5d841h62itOX9RuPjk2']","['Kt Foreign', 'AzChike', 'Mike Sherm', 'Almighty Suspect', 'Peso Da Goon', 'ShooterGang Kony', 'BOE Sosa', 'Vinny West', 'Slimmy B', '$tupid Young', 'Salsalino', 'Shootergang JoJo', 'Kalan.FrFr', 'Likybo', 'Lil Sheik', 'Robbioso', 'Stinc Team', 'G-Bo Lean', 'Conradfrmdaaves', 'Saviii 3rd']"
5659868.0,50co4Is1HCEo8bhOyUWKpn,https://i.scdn.co/image/69ef089edd03d6d5455ed61e96d27c7f5b995434,Young Thug,93.0,12.0,"['2hlmm7s2ICUX0LVIhVFlZQ', '3EW0kQ1skZiK1NHg3Spt9J', '4Gso3d4CscCijv0lmajZWs', '7rkW85dBwwrJtlHRDkJDAC', '1URnnhqYAYcrqrcwql10ft', '7yO4IdJjCEPz7YgZMe25iS', '6oMuImdp5ZcFhWP0ESe6mG', '699OTQXzgjhIYAHMy9RyPD', '0VRj0yCOv2FXJNP47XQnx5', '0WOxhx4hikIsyF3CRPLC8W', '6icQOAFXDZKsumw3YXyusw', '6extd4B6hl8VTmnlhpl2bY', '7iZtZyCzp3LItcw1wtPI3D', '0iEtIxbK0KxaSlF7G42ZOp', '46SHBwWsqBkxI7EeeBEQG7', '5dHt1vcEm9qb8fCyLcB3HL', '2I9SLklAOG0vdMiUUMNxRl', '5yPzzu25VzEk8qrGTLIrE1', '3x3jSlhyv5CiCZDZlaTq0M', '1pPmIToKXyGdsCF6LmqLmI']","['Gunna', 'Takeoff', 'Don Toliver', 'NAV', '21 Savage', 'A$AP Mob', 'Migos', 'Playboi Carti', 'Quavo', 'Famous Dex', 'Lil Yachty', 'Huncho Jack', 'Rae Sremmurd', 'Metro Boomin', 'Kodak Black', 'A$AP Ferg', '88GLAM', 'Young Nudy', 'Pi’erre Bourne', 'Rich The Kid']"
2383313.0,0A0FS04o6zMoto8OKPsDwY,https://i.scdn.co/image/bed9c38a2a9e469be77e2a6166cc71905849eb5b,YG,84.0,13.0,"['5IcR3N7QB1j6KBL8eImZ8m', '0YinUQ50QDB7ZxSCLyQ40k', '28ExwzUQsvgJooOI0X1mr3', '0NbfKEOTQCcwd6o7wSDOHI', '17lzZA2AlOHwCwFALHttmp', '7c0XG5cIJTrrAgEC3ULPiq', '20sxb77xiYeusSH8cVdatc', '13y7CgLHjMVRMDqxdx0Xdo', '0ONHkAv9pCAFxb0zJwDNTy', '6aaMZ3fcfLv4tEbmY7bjRM', '50co4Is1HCEo8bhOyUWKpn', '1RyvyyTE3xzB2ZywiAwp0i', '0Y5tJX1MQlPlqiwlOH1tJY', '5dHt1vcEm9qb8fCyLcB3HL', '7iZtZyCzp3LItcw1wtPI3D', '1URnnhqYAYcrqrcwql10ft', '5rOkxO8Va1CnXhF7nrHMrU', '6oMuImdp5ZcFhWP0ESe6mG', '5SXuuuRpukkTvsLuUknva1', '3XVpDdKav6C6zwlDXPhMEO']","['ScHoolboy Q', 'Mustard', 'Jay Rock', 'The Game', '2 Chainz', 'Ty Dolla $ign', 'Meek Mill', 'Gucci Mane', 'Pusha T', 'Isaiah Rashad', 'Young Thug', 'Future', 'Travis Scott', 'A$AP Ferg', 'Rae Sremmurd', '21 Savage', 'YGTUT', 'Migos', 'Baby Keem', 'Kamaiyah']"
4364242.0,1sBkRIssrMs1AbVkOJbc7a,https://i.scdn.co/image/83bb3369d1ae515bdee62238522a4f5da3544859,Rick Ross,83.0,14.0,"['5oNgAs7j5XcBMzWv3HAnHG', '31HjiqargV4NAw4GZqUale', '5OrB6Jhhrl9y2PK0pSV4VP', '35sCXuy5gN6Or69rZ9vqBs', '6AMa1VFQ7qCi61tCRtVWXe', '0YWxKQj2Go9CGHCp77UOyy', '4yBK75WVCQXej1p04GWqxH', '6Ha4aES39QiVjR0L2lwuwq', '45a6gCQWq61lIUDmr1tKuO', '6X8WdFjrNhXATMDSs26aCc', '6Uh8uJyN9g7oFjDK16nJgb', '67nwj3Y5sZQLl72VNUHEYE', '3ZooCJzNMTLpmJaIRUEorI', '3vDUJHQtqT3jFRZ2ECXDTi', '0tCtGc5vt29zFZp6KXzN50', '0st5vgzw9XkH5ALJiUM1lE', '0P8YNJXX7QeQ8iZIUCXJgi', '4pr7J7wzgObkE3DD3Izi7q', '0T5OJgMVjKIX3b3W3ekqOl', '5pnbUBPifNnlusY8kTBivi']","['DJ Drama', 'Ace Hood', 'Young Money', 'Birdman', 'Jim Jones', 'Fabolous', 'Jeezy', 'Yo Gotti', 'Bun B', 'Curren$y', 'Juelz Santana', 'Wale', 'Young Dro', 'Lloyd Banks', 'Beanie Sigel', 'Slim Thug', 'The Diplomats', 'Young Buck', 'Rocko', 'Jadakiss']"
906607.0,3ScY9CQxNLQei8Umvpx5g6,https://i.scdn.co/image/43b2c59d9442d43ab76577226b399000239ada51,Fat Joe,73.0,15.0,"['4GMgdB3vwbBOc42hbXEi9p', '2Xu7q46Hf02xOoEIm4E1Qs', '3vDUJHQtqT3jFRZ2ECXDTi', '0tCtGc5vt29zFZp6KXzN50', '4jWzNq3sdzSpqn7BnzvIKn', '0YWxKQj2Go9CGHCp77UOyy', '0A7g2YbCA9FlyZvAG6VmKP', '3WilJWdCNLSU7fpYjiKb7v', '6evKD5JWJON3qPBJtUEmtY', '6Uh8uJyN9g7oFjDK16nJgb', '2x8KDZdSONA3872CnhaAlX', '14ejEUaU0wE2iAenbbv9b8', '1g8uGVofjr2ApBrI8OZhJf', '5pnbUBPifNnlusY8kTBivi', '6AMa1VFQ7qCi61tCRtVWXe', '6KVPfr3ujUkKOrJf4QeRWD', '7HqrSDuI9lHuH1CDismTFg', '1wiBLzTI7z9RUwEpNPdFT6', '64ovxBmjJ9ZDqkzEXVWpVc', '49pQfWTLlSww8C7K7unpUC']","['N.O.R.E.', 'Big Pun', 'Lloyd Banks', 'Beanie Sigel', 'Memphis Bleek', 'Fabolous', 'The LOX', 'Cassidy', 'G-Unit', 'Juelz Santana', 'Styles P', 'Sheek Louch', 'DJ Clue', 'Jadakiss', 'Jim Jones', 'Capone-N-Noreaga', 'AZ', 'Mase', 'Shyne', 'Ruff Ryders']"
437479.0,4AA474G2hRfrHyGrfyDseO,https://i.scdn.co/image/225da2a92c7d24b2bf648e84da4524424d61fe56,Mozzy,71.0,16.0,"['1QdCkPulANBEZiaiAyLkak', '3DiSC0nSNNWpPy5ZK3mcrz', '3XVpDdKav6C6zwlDXPhMEO', '1R4jDezcLcFxrJ9PHNrbG0', '0FtsMKmZEq8fBWqdSOWtqp', '4Q2hTDZYFCohf17D5GvkIb', '1grN0519h2zYqpRtYbDZAl', '3n6RTmT1sgWeNNCfPyJMw3', '4tYSBptyGeVyZsk8JC4JHZ', '1cutd8e41XvxXnFPOFIxMD', '2ZavqCJe7uqkRpISes0NFi', '2TImI3DW7o5MdRXJs4D37h', '0p4ViyfJUTW0IT4SCBLexf', '276kc3wR6o0EgYCSMiHBqz', '55TH3aMMK1u2VsR8DPGC6D', '54QA4zjZDOyaLN8bVthBjP', '7zmuMr74dNGqjq74uibncO', '2QLM9IFaHBtB16b8ZDaA3A', '2JSwnwAT1BupAQkhqcRCUw', '5QoPmqq8UfE0zsTWkM3CQD']","['OMB Peezy', 'Nef The Pharaoh', 'Kamaiyah', 'DaBoii', '03 Greedo', 'G Perico', 'Larry June', 'Philthy Rich', 'Shoreline Mafia', 'ALLBLACK', 'Iamsu!', 'SOB X RBE', 'Drakeo the Ruler', 'J. Stalin', 'Mistah F.A.B.', 'Joe Moses', 'Kool John', 'P-Lo', 'Sada Baby', 'Messy Marv']"
120386.0,3XVpDdKav6C6zwlDXPhMEO,https://i.scdn.co/image/fe97ab464e3bd40ba4eff8a94b986e476fb805ab,Kamaiyah,62.0,17.0,"['4Q2hTDZYFCohf17D5GvkIb', '3DiSC0nSNNWpPy5ZK3mcrz', '4AA474G2hRfrHyGrfyDseO', '1grN0519h2zYqpRtYbDZAl', '7zmuMr74dNGqjq74uibncO', '1Yss4ClgrS9sIprNlq5O3l', '1R4jDezcLcFxrJ9PHNrbG0', '2TImI3DW7o5MdRXJs4D37h', '2QLM9IFaHBtB16b8ZDaA3A', '2ZavqCJe7uqkRpISes0NFi', '0FtsMKmZEq8fBWqdSOWtqp', '0p4ViyfJUTW0IT4SCBLexf', '54QA4zjZDOyaLN8bVthBjP', '1cutd8e41XvxXnFPOFIxMD', '4tYSBptyGeVyZsk8JC4JHZ', '6kQWPGBItT0oMCHZy3M9DN', '70Wt3o0gTumIypKychnX6U', '3n6RTmT1sgWeNNCfPyJMw3', '55TH3aMMK1u2VsR8DPGC6D', '0399oiMcmbOzzsYQDNYqxn']","['G Perico', 'Nef The Pharaoh', 'Mozzy', 'Larry June', 'Kool John', 'Yhung T.O.', 'DaBoii', 'SOB X RBE', 'P-Lo', 'Iamsu!', '03 Greedo', 'Drakeo the Ruler', 'Joe Moses', 'ALLBLACK', 'Shoreline Mafia', 'RJMrLA', 'Payroll Giovanni & Cardo', 'Philthy Rich', 'Mistah F.A.B.', 'Problem']"
1002626.0,37hAfseJWi0G3Scife12Il,https://i.scdn.co/image/ac12821f53c50d36a2d1ae4ddc5ce744e1a380e3,City Girls,80.0,18.0,"['32DuKytBMZn90iqyh2HEdc', '3u579Gdap91lMptBSdXTpf', '181bsRPaVXVlUKXrxwZfHK', '3IhYHKVt0Q9vxCCwiCHahR', '4guK7U9J36z76E1tWecJ0J', '1nsdnHv49z0H5oPj3sJ3to', '7gWumE1wMALHXANLSIt054', '6apXk5PGvEVbgXOTyk6fP1', '5hPcCMWgf6Qu9vUQVySwcY', '7Gkyjs2OYQpJdOvvmwIz2Z', '3uihH9rY2n7IgCkO0Rjbe1', '7DuTB6wdzqFJGFLSH17k8e', '2OaHYHb2XcFPvqL3VsyPzU', '6o4O5GX5kOWAGXtZUedxo3', '2ExGrw6XpbtUAJHTLtUXUD', '4udfTw7V8jI4AHi7PEfJfj', '3MdXrJWsbVzdn6fe5JYkSQ', '21C9Dbg9CD3Dv8NaD7iW8e', '0XIKGBo9PnK1ApI5tZA60d', '6cK3NBO6uP7hh0oyuVELFl']","['Cuban Doll', 'Kash Doll', 'Megan Thee Stallion', 'Queen Key', 'Asian Doll', 'DreamDoll', 'Dreezy', 'Molly Brazy', 'Bali Baby', 'Pardison Fontaine', 'Killumantii', 'Bhad Bhabie', 'Rico Nasty', 'KenTheMan', 'Stefflon Don', 'Melii', 'Mulatto', 'BbyMutha', 'DaniLeigh', 'Saweetie']"
4613012.0,2NdeV5rLm47xAvogXrYhJX,https://i.scdn.co/image/50b2efea0870ebe54f7d8c34bf2673be4f8a4ca6,Ciara,76.0,19.0,"['3AuMNF8rQAKOzjYppFNAoB', '63wjoROpeh5f11Qm93UiJ1', '27FGXRNruFoOdf1vP8dqcH', '4eAOcbAXIF4BmbN6E1QIlw', '3FD9VAd0ppjmKbfxF4LzUh', '1vfezMIyCr4XUdYRaKIKi3', '6lHL3ubAMgSasKjNqKb8HF', '05oH07COxkXKIMt6mIPRee', '1c70yCa8sRgIiQxl3HOEFo', '5rkVyNGXEgeUqKkB5ccK83', '1Y8cdNmUJH7yBTd9yOvr5i', '08rMCq2ek1YjdDBsCPVH2s', '6nzxy2wXs6tLgzEtqOkEi2', '4PrinKSrmILmo0kERG0Ogn', '0urTpYCsixqZwgNTkPJOJ4', '7xAcVHPiirnUqfdqo0USb1', '7gSjFKpVmDgC2MMsnN8CYq', '2retT7MFwHDVTeGKDdybEx', '6If57j6e3TXXk0HiLcIZca', '1MT1Wz4G9Z9EVOg4L5zZMS']","['Kelly Rowland', 'Keri Hilson', 'Cassie', 'Christina Milian', 'Danity Kane', 'Keyshia Cole', 'Mýa', 'Brandy', 'Cherish', 'Ashanti', ""Destiny's Child"", 'Amerie', 'Monica', 'Trina', 'Aaliyah', 'Fantasia', 'Jazmine Sullivan', 'K. Michelle', 'Sevyn Streeter', 'Tamar Braxton']"
76972.0,6kQWPGBItT0oMCHZy3M9DN,https://i.scdn.co/image/095136e6cf493ac0ae1ea618b7d6c0f4d86119d5,RJMrLA,58.0,20.0,"['1yXXcC1S1PBbXlHWXlvYrU', '2Xs5d841h62itOX9RuPjk2', '47TMF0JlFsz01KilGzc5Ly', '33VENhd4NxUxZztcOX7KP2', '6fqjJNsLs7g6F3PXy01Xnw', '5cArDHkqduJNS4bIuR1mnU', '0dT2U2jUx6OmKlyeQOH8AK', '4y5IK8VBswkl40ltpHI5o9', '0h0C8mMT21p0Ixq6qO1UMH', '08jCyIC4E6iQjr4nrd1yDA', '2Bb57H1EnnHxtpSyOAJF8l', '3tqosLbNFNekyZyO2KJ6qd', '6wrQP6EAQRd8GLl9tilJdH', '7vepnwRvKefoPW3f6Gl4bn', '0BfxMYdkqRuwPXsSwEf5RE', '0zIfwnFYspEyP6dE34lCp2', '1zrPF8R0QgYR6BPVelfVr0', '38AzwuDc0OKXF7Yx7SsrOf', '33YOw3idBhwSFkYkktqssV', '2aqdy2BLMhGFHhRb1ZbDCF']","['TeeCee4800', 'Saviii 3rd', 'Kalan.FrFr', 'Pacman da Gunman', 'AzChike', 'Kt Foreign', 'ShooterGang Kony', 'Almighty Suspect', '$tupid Young', 'Vinny West', 'Frostydasnowmann', 'Mike Sherm', 'Conradfrmdaaves', 'BOE Sosa', 'Slimmy B', 'Cookie Money', 'Shootergang JoJo', 'Jooba Loc', 'Peso Da Goon', 'MBNel']"
5869511.0,17lzZA2AlOHwCwFALHttmp,https://i.scdn.co/image/470dd77da564ec4cb352dcd2664ce31c337c0661,2 Chainz,84.0,21.0,"['5oNgAs7j5XcBMzWv3HAnHG', '5gCRApTajqwbnHHPbr2Fpi', '6f4XkbvYlXMH0QgVRzW0sM', '1sBkRIssrMs1AbVkOJbc7a', '6Ha4aES39QiVjR0L2lwuwq', '5OrB6Jhhrl9y2PK0pSV4VP', '0NWbwDZY1VkRqFafuQm6wk', '31HjiqargV4NAw4GZqUale', '4yBK75WVCQXej1p04GWqxH', '35sCXuy5gN6Or69rZ9vqBs', '6X8WdFjrNhXATMDSs26aCc', '0CKa42Jqrc9fSFbDjePaXP', '3HiuzBlSW7pGDXlSFMhO2g', '5lHRUCqkQZCIWeX7xG4sYT', '13y7CgLHjMVRMDqxdx0Xdo', '67nwj3Y5sZQLl72VNUHEYE', '4cmA2QDPdzh8W2ytpyUGes', '28ExwzUQsvgJooOI0X1mr3', '0ONHkAv9pCAFxb0zJwDNTy', '0VRj0yCOv2FXJNP47XQnx5']","['DJ Drama', 'Juicy J', 'Waka Flocka Flame', 'Rick Ross', 'Yo Gotti', 'Young Money', 'Mike WiLL Made-It', 'Ace Hood', 'Jeezy', 'Birdman', 'Curren$y', 'Big K.R.I.T.', 'Young Dolph', 'Rich Homie Quan', 'Gucci Mane', 'Wale', 'Young Scooter', 'Jay Rock', 'Pusha T', 'Quavo']"
1198.0,4JxatpbcAgr7UWnIngnNPD,https://i.scdn.co/image/ab67616d0000b273868e49aa33af620059433fbd,Spank Nitti James,26.0,22.0,"['1q2nUylEqrRJkiDkXa39Mw', '5a9jbP96ZRy1Olan4epgKg', '7vDy8i8XeT4KIHiHHyK68E', '5u2OAxF8Fz7s7BwusF0w7h', '0zQy47x2qJQ6J3pvjBwDZ5', '28VvAqmNsF3N5Z9XhEAwrB', '2Xs5d841h62itOX9RuPjk2', '6wrQP6EAQRd8GLl9tilJdH', '5n4VYuxkhTdwyVLAyWr9mr', '1l61CX1j6go8arTjPH9wy0', '70LeECrcNFIOvGZqe8byzQ', '6cUpFVxDYWed9WxtC4QgC5', '38AzwuDc0OKXF7Yx7SsrOf', '6T4tcUkLcppayRBkcjXR0V', '4ZdF7XtdWwvhE0ezhTNLtk', '1Vh6MAxEaUJusA1hwzrLhm', '4y5IK8VBswkl40ltpHI5o9', '1yI0tX9OnfOx9siPj8KNOO', '6CPTMFjo7Sq3ACuzHsXVkt', '0YZQkExXWIRxmnW08hept7']","['YoungThreat', 'ComptonAsstg', 'Teeezy', 'GoGetta.Kb', 'Johnny Rose', 'Dmb Gotti', 'Saviii 3rd', 'Conradfrmdaaves', 'Young Threat', 'BlueBucksClan', 'Trucarr', 'Wallie the Sensei', 'Jooba Loc', 'Ketchy the Great', 'Nfant', 'Coot Corleone', 'Almighty Suspect', 'Ralfy the Plug', 'Big Sad 1900', ""O'Way""]"
33242.0,4y5IK8VBswkl40ltpHI5o9,https://i.scdn.co/image/8a73b744e7eb90674b5d1476578f452b62fa8c73,Almighty Suspect,45.0,23.0,"['6fqjJNsLs7g6F3PXy01Xnw', '2Bb57H1EnnHxtpSyOAJF8l', '5cArDHkqduJNS4bIuR1mnU', '08jCyIC4E6iQjr4nrd1yDA', '33YOw3idBhwSFkYkktqssV', '0dT2U2jUx6OmKlyeQOH8AK', '1zrPF8R0QgYR6BPVelfVr0', '5zQfnouqTKWoY16rdwUrwt', '6wrQP6EAQRd8GLl9tilJdH', '3tqosLbNFNekyZyO2KJ6qd', '2dEmIfxJxjxQi7nvogEr2Q', '0BfxMYdkqRuwPXsSwEf5RE', '7vepnwRvKefoPW3f6Gl4bn', '47TMF0JlFsz01KilGzc5Ly', '5tg5JDw7tQiZdJCShs9rk9', '6QI41kOWTHVyegc7LHdBD4', '6aZZ6qx9EC5lE3PISBrosR', '07l5dehvaI0bMl8JDwKh82', '2Xs5d841h62itOX9RuPjk2', '16Nc36xAtNyQ7BMBcDsaLv']","['AzChike', 'Frostydasnowmann', 'Kt Foreign', 'Vinny West', 'Peso Da Goon', 'ShooterGang Kony', 'Shootergang JoJo', 'Salsalino', 'Conradfrmdaaves', 'Mike Sherm', 'Stinc Team', 'Slimmy B', 'BOE Sosa', 'Kalan.FrFr', 'AzSwaye', 'G-Bo Lean', 'Lil Sheik', 'Robbioso', 'Saviii 3rd', 'Likybo']"
1276.0,7l15o13r34vTtPwe499eLX,https://i.scdn.co/image/ab67616d0000b273347f7ce979c805a831e73563,Jame$TooCold,22.0,24.0,"['6R3geSwbYczTJFuXjmOYud', '2GKnozNjgMXr338wajsuYB', '4y5IK8VBswkl40ltpHI5o9', '28VvAqmNsF3N5Z9XhEAwrB', '2tHPfOfkcrHNYHpUbMiAlX', '4JxatpbcAgr7UWnIngnNPD', '5a9jbP96ZRy1Olan4epgKg', '1q2nUylEqrRJkiDkXa39Mw', '3AC3SCTqwB4zW5f1Z6zHxl', '5u2OAxF8Fz7s7BwusF0w7h', '5tg5JDw7tQiZdJCShs9rk9', '7vDy8i8XeT4KIHiHHyK68E', '0zQy47x2qJQ6J3pvjBwDZ5', '1n5X8uMaNKFI4BAXFpD2AZ', '5cArDHkqduJNS4bIuR1mnU', '40jihEUOTuy5WTQDUTsZCN', '1l61CX1j6go8arTjPH9wy0', '4abX4wAzufkxTfH356JlcD', '2Xs5d841h62itOX9RuPjk2', '6fqjJNsLs7g6F3PXy01Xnw']","['Fatboy Bizzle', 'JamesTooCold', 'Almighty Suspect', 'Dmb Gotti', 'Almighty Zay', 'Spank Nitti James', 'ComptonAsstg', 'YoungThreat', '1TakeQuan', 'GoGetta.Kb', 'AzSwaye', 'Teeezy', 'Johnny Rose', 'JpThaRuler', 'Kt Foreign', 'YS', 'BlueBucksClan', 'Sick Wid It', 'Saviii 3rd', 'AzChike']"
3057925.0,7nU4hB040gTmHm45YYMvqc,https://i.scdn.co/image/1bb652996764243c1d963008898de2ab514b4796,Hannah Montana,69.0,25.0,"['4D4d4SGHSnXy5TxqhfDl3H', '4ntkql3f3ect7NDRUJ7aAY', '6G9bygHlCyPgNGxK2l3YdE', '6dJeKm76NjfXBNTpHmOhfO', '3SYGWAHCe31oykdeUPpoJp', '533HtQP5btWIZcKlHJtEWK', '2ddxtfC0oS8LoktXUHE7YL', '7gOdHgIoIKoe4i9Tta6qdD', '3IcF2f5vEkY6HPQfLlQDlw', '1KYszkVzlhV3rAqmAcYIgd', '7rPQ2z1ji1ctJ6oGYBAo6M', '4VhL8KLjVso4vLfOLVViTb', '2S9W9aSAd7e5mp8WqWxN2h', '4Rxn7Im3LGfyRkY2FlHhWi', '2gUMs9PE8XZVQyzCDqaYmW', '0GWCNkPi54upO9WLlwjAHd', '5wugb0kaq0J6nyQ5Xgd17i', '6SvFyXN6qzhw95Bj4HoevV', '4gWAItIMhYCdD82T8tvv3T', '5GuEFqVXxQsqJtjGqoFWvf']","['Meaghan Martin', 'The Cheetah Girls', 'Vanessa Hudgens', 'Selena Gomez & The Scene', 'Miranda Cosgrove', 'Christopher Wilde', 'Ashley Tisdale', 'Jonas Brothers', 'Mitchel Musso', 'Victorious Cast', 'Emily Osment', 'Bridgit Mendler', 'Hilary Duff', 'Nick Jonas', 'High School Musical Cast', 'Big Time Rush', 'Aly & AJ', 'China Anne McClain', 'Lucy Hale', 'Corbin Bleu']"
13.0,2gU6JJgyurbHIkNAaVXXkx,https://i.scdn.co/image/9b6d88e2cc47b3b1fb8a67ab79473722a74c4147,Dnyc3,24.0,26.0,[],[]
1151251.0,6GMYJwaziB4ekv1Y6wCDWS,https://i.scdn.co/image/c1b86b38b926cc11ffd0769d70bc5ce06c9c8ffb,Soulja Boy,72.0,27.0,"['23LbwefIODbyGdRbAz3urj', '5OrB6Jhhrl9y2PK0pSV4VP', '0VKTLKamj4IH8OfQbUL0kq', '1fQ46lgoUCz8FVXdTVNk0a', '6z1cicLMt9XArxN10q7m8a', '5A7d4sfe5ZY1RRf90zlUeo', '3Y365ZqTf6fJ4ZcRnLKPGt', '7jFaoqWPhYLrKzjzlpXmUO', '6f4XkbvYlXMH0QgVRzW0sM', '49mHZzhcsoQB1JXWv8Q9gU', '44PA0rCQXikgOWbfY7Fq7m', '6Ha4aES39QiVjR0L2lwuwq', '12PSlydMSjEHzSCj9X5qv7', '07VmOvmuBp9G0gb8BTrpn0', '7sfl4Xt5KmfyDs2T3SVSMK', '3jksrX4oBklxR78ft8gv3j', '3s2wTjWxK8NOX09dmsvVOh', '3aQeKQSyrW4qWr35idm0cy', '1ZKqrja0WvbSssYNFO3lzs', '4AllEJE7mVkhhyUV6DjqPz']","['Yung Joc', 'Young Money', 'Dem Franchize Boyz', 'Hurricane Chris', 'Travis Porter', 'Crime Mob', 'Gorilla Zoe', 'David Banner', 'Waka Flocka Flame', 'V.I.C.', 'Ying Yang Twins', 'Yo Gotti', 'Baby Bash', 'Mike Jones', 'Lil Jon', 'Plies', 'Chingy', 'T-Pain', 'New Boyz', 'D4L']"
4453987.0,2EMAnMvWE2eb56ToJVfCWs,https://i.scdn.co/image/c65c74e7b7eb576b8dea4d5d43283ac279e3f87d,Bryson Tiller,84.0,28.0,"['7mDU6nMUJnOSY2Hkjz5oqM', '2HPaUgqeutzr3jx5a9WyDV', '4HzKw8XcD0piJmDrrPRCYk', '4W49e48G0gg1pucAN6JiGH', '4IVAbR2w4JJNJDDRFP3E83', '6g8AmloI8egfrr3dm3SnUL', '0f2YkMXwFNJNSX7MymevKE', '7e1ICztHM2Sc4JNLxeMXYl', '5YHM0i7v5TqqibZhS0YiuX', '3tlXnStJ1fFhdScmQeLpuG', '2jku7tDXc6XoB6MO2hFuqg', '3KV3p5EY4AvKxOlhGHORLg', '19Fi1Rj7kk8kyiwxpXy3yM', '0XIKGBo9PnK1ApI5tZA60d', '45AMD9qU0ERQY5RvR7deHR', '360IAlyVv4PCEVjgyMZrxK', '5ZS223C6JyBfXasXxrRqOk', '6TvjXbopXg71XRM9OZWqUc', '21WS9wngs9AqFckK7yYJPM', '4tMm1dU6Gn04VAZ9ClHcIZ']","['Roy Woods', 'PARTYNEXTDOOR', 'Majid Jordan', 'Yo Trane', '6LACK', 'TWENTY88', 'Kaash Paige', 'dvsn', 'Ryan Trey', 'Brent Faiyaz', 'Tory Lanez', 'Jeremih', 'August Alsina', 'DaniLeigh', 'Che Ecru', 'Miguel', 'Jhené Aiko', 'Arin Ray', 'PnB Rock', 'Jacquees']"
1265862.0,7xAcVHPiirnUqfdqo0USb1,https://i.scdn.co/image/da597aa7beecf038e5dd9dc143c346025b2c3b6d,Fantasia,62.0,29.0,"['7gSjFKpVmDgC2MMsnN8CYq', '4O2YL4ygn6eTBC0w1hyWUM', '6nzxy2wXs6tLgzEtqOkEi2', '1vfezMIyCr4XUdYRaKIKi3', '0KWcq2E8ejxp78jdfpCd4K', '49FeZO3eSrJs7oH7lYLU1r', '0le01dl1WllSHhjEXRl4in', '46VWDbmWmzvPBTmkSr25gM', '1MT1Wz4G9Z9EVOg4L5zZMS', '15Dh5PvHQj909E0RgAe0aN', '5xenrbYhp4IRydrWpBe4Bx', '2retT7MFwHDVTeGKDdybEx', '5NDMothbpdpq2xHqSjrrWn', '3YJMzGjAm245zwJooY7PEj', '6zDBeei6hHRiZdAJ6zoTCo', '05oH07COxkXKIMt6mIPRee', '6lHL3ubAMgSasKjNqKb8HF', '1EyK0glCKdNVaKjVxFOHCD', '33C3ByGk9NCrjTIXr6npqf', '4PrinKSrmILmo0kERG0Ogn']","['Jazmine Sullivan', 'Melanie Fiona', 'Monica', 'Keyshia Cole', 'KeKe Wyatt', 'Kelly Price', 'Tamia', 'Marsha Ambrosius', 'Tamar Braxton', 'Nivea', 'LeToya', 'K. Michelle', 'Faith Evans', 'Chrisette Michele', 'Tweet', 'Brandy', 'Mýa', 'LeToya Luckett', 'Lyfe Jennings', 'Trina']"
253.0,2CZPY8YVKdXtI1bF9e4EV7,https://i.scdn.co/image/2dc28d7551f9763cf3732fa96599e30f02099d9e,Bree Carter,35.0,30.0,"['6kQWPGBItT0oMCHZy3M9DN', '54QA4zjZDOyaLN8bVthBjP', '4Maf38TSoYT83qXqsO20JI', '4Q2hTDZYFCohf17D5GvkIb', '1RXEL1MwAvaMsn7KAHe0g5', '5a9jbP96ZRy1Olan4epgKg', '6wrQP6EAQRd8GLl9tilJdH', '1yXXcC1S1PBbXlHWXlvYrU', '0399oiMcmbOzzsYQDNYqxn', '5vIbOHLEq5uLoCRV6ys20U', '3XVpDdKav6C6zwlDXPhMEO', '33VENhd4NxUxZztcOX7KP2', '47TMF0JlFsz01KilGzc5Ly', '3pcerTbRFAPvWWtAfySFWB']","['RJMrLA', 'Joe Moses', 'AD', 'G Perico', 'Slim 400', 'ComptonAsstg', 'Conradfrmdaaves', 'TeeCee4800', 'Problem', 'J Stone', 'Kamaiyah', 'Pacman da Gunman', 'Kalan.FrFr', 'Bino Rideaux']"
674500.0,3u579Gdap91lMptBSdXTpf,https://i.scdn.co/image/faecbd52ace8118b7009177d7876079eb43495b7,Kash Doll,65.0,31.0,"['32DuKytBMZn90iqyh2HEdc', '6apXk5PGvEVbgXOTyk6fP1', '1nsdnHv49z0H5oPj3sJ3to', '3IhYHKVt0Q9vxCCwiCHahR', '4guK7U9J36z76E1tWecJ0J', '5J1JcdYCPj44YKz6kVA5wx', '5hPcCMWgf6Qu9vUQVySwcY', '7gWumE1wMALHXANLSIt054', '21C9Dbg9CD3Dv8NaD7iW8e', '4imxqng3RrOBmykL2DhIJC', '7Gkyjs2OYQpJdOvvmwIz2Z', '181bsRPaVXVlUKXrxwZfHK', '37hAfseJWi0G3Scife12Il', '3uihH9rY2n7IgCkO0Rjbe1', '6x3iaJYt5zLqKIfkrPQme9', '3KT0gxRAAb4WbAfOGMq4Lf', '6AMd49uBDJfhf30Ak2QR5s', '4PrinKSrmILmo0kERG0Ogn', '6o4O5GX5kOWAGXtZUedxo3', '6veh5zbFpm31XsPdjBgPER']","['Cuban Doll', 'Molly Brazy', 'DreamDoll', 'Queen Key', 'Asian Doll', 'Maliibu Miitch', 'Bali Baby', 'Dreezy', 'BbyMutha', 'Ms Banks', 'Pardison Fontaine', 'Megan Thee Stallion', 'City Girls', 'Killumantii', 'Chinese Kitty', 'Tokyo Jetz', 'Coi Leray', 'Trina', 'KenTheMan', 'BIA']"
951.0,4ZdF7XtdWwvhE0ezhTNLtk,https://i.scdn.co/image/8d0b32ceb5ee1757f38029cbe03327c64e820b0c,Nfant,36.0,32.0,"['474hvxrh0fWrSOcRDr4E64', '1q2nUylEqrRJkiDkXa39Mw', '4JxatpbcAgr7UWnIngnNPD', '0zQy47x2qJQ6J3pvjBwDZ5', '64AGpp5QrYJXmLnotg3Pb2', '7vDy8i8XeT4KIHiHHyK68E', '38AzwuDc0OKXF7Yx7SsrOf', '5a9jbP96ZRy1Olan4epgKg', '2Xs5d841h62itOX9RuPjk2', '1TNh3LHenKgcPEBeFlfqJK', '5n4VYuxkhTdwyVLAyWr9mr', '6wrQP6EAQRd8GLl9tilJdH', '6CPTMFjo7Sq3ACuzHsXVkt', '5u2OAxF8Fz7s7BwusF0w7h', '5tg5JDw7tQiZdJCShs9rk9', '2KmL6rlCx9ra6V2tnsg5dp', '7iShQgUTXY0dg951WHnZmU', '2xZkMZLcnyoX4dYqNt1S6G', '0oBZgZqdcpgOamLB8n5lXF', '0YZQkExXWIRxmnW08hept7']","['Slumlord Trill', 'YoungThreat', 'Spank Nitti James', 'Johnny Rose', 'Hot Sauce', 'Teeezy', 'Jooba Loc', 'ComptonAsstg', 'Saviii 3rd', 'FT HopOut', 'Young Threat', 'Conradfrmdaaves', 'Big Sad 1900', 'GoGetta.Kb', 'AzSwaye', '2 Eleven', 'Bloods', 'Fat Meech', 'TrapDes', ""O'Way""]"
13105861.0,5YGY8feqx7naU7z4HrwZM6,https://i.scdn.co/image/f040656afb8bc16cd44781dd39ea3d02184f5c0f,Miley Cyrus,89.0,33.0,"['6S2OmqARrzebs0tKUEyXyp', '0C8ZW7ezQVs4URX5aX7Kqx', '6dJeKm76NjfXBNTpHmOhfO', '6LqNN22kT3074XbTVUrhzX', '0p4nmQO2msCgU4IF37Wi3j', '7nU4hB040gTmHm45YYMvqc', '1l8Fu6IkuTP0U5QetQJ5Xt', '2S9W9aSAd7e5mp8WqWxN2h', '3BmGtnKgCSGYIUhmivXKWX', '4VhL8KLjVso4vLfOLVViTb', '6sFIWsNpZYqfjUpaCgueju', '7gOdHgIoIKoe4i9Tta6qdD', '2gsggkzM5R49q6jpPvazou', '2ddxtfC0oS8LoktXUHE7YL', '1KYszkVzlhV3rAqmAcYIgd', '4Rxn7Im3LGfyRkY2FlHhWi', '3r17AfJCCUqC9Lf0OAc73G', '4m4SfDVbF5wxrwEjDKgi4k', '4ntkql3f3ect7NDRUJ7aAY', '0SCbttzoZTnLFebDYmAWCm']","['Demi Lovato', 'Selena Gomez', 'Selena Gomez & The Scene', 'Kesha', 'Avril Lavigne', 'Hannah Montana', 'Fifth Harmony', 'Hilary Duff', 'Kelly Clarkson', 'Bridgit Mendler', 'Carly Rae Jepsen', 'Jonas Brothers', 'Jessie J', 'Ashley Tisdale', 'Victorious Cast', 'Nick Jonas', 'Fergie', 'Cher Lloyd', 'The Cheetah Girls', 'Glee Cast']"
125715.0,7t7KCNFOwuMChaQg6L8I69,https://i.scdn.co/image/daecb41c4436475c3eceeba9ede51f920984a23f,Jacob Latimore,54.0,34.0,"['4p07QU02SrLsaORo25h2Lg', '0EgUow5z0SXVA9lunNSB1q', '2GEcMpeGIad5O23WxDRFMn', '0ftnVnpLz9yBbw8jCO9uXo', '5ae3MM8dgOn3QPHzqFDJlY', '2waKklOyXKNqhqIOmE4yBA', '2tKtLcxl6T2VdJdguRrXCq', '6dROiL44pIQZVNZ6Bc0OJO', '7dpKVB4mK3ufNdZOpMKtrd', '2LuUALONla8DJRSCiGONBp', '0tqGegfp4LA38TZ807OdzM', '6cN9XwPMj9bWzJ32GC6V7v', '6yqadcG6z5djW3lDuP7Abh', '6TrQLQR8tUluPbmdPy6jqY', '65OtBLtkrifQrdTlKI90IR', '756t7CBmWLNYsshVtS6P44', '1goOx6gnQdUllLfSMsL4Rt', '6If57j6e3TXXk0HiLcIZca', '1xBARhKI09ZTmeePVDWMCf', '1lEXbUjKjHQ7uc9jFfEViJ']","['Sammie', 'Verse Simmonds', 'Rico Love', 'Chris Echols', 'Kevin Ross', 'Mindless Behavior', 'Mishon', 'Pleasure P', 'DAY26', 'Diggy', 'Adrian Marcel', 'Mila J', 'Lyrica Anderson', 'ELHAE', 'Elijah Blake', 'Tone Stith', 'Marques Houston', 'Sevyn Streeter', 'Rotimi', 'TGT']"
584993.0,3crnzLy8R4lVwaigKEOz7V,https://i.scdn.co/image/d8f36f82cd2f4752e93167e4187636cd032881c5,E-40,73.0,35.0,"['4sv6VJ2QZlaSosz3kFlxQH', '6nltEpEZtqZD1v4YJLlaZI', '55TH3aMMK1u2VsR8DPGC6D', '4sb7rZNN93BSS6Gqgepo4v', '1sPpJhevOYz54gNgeh2LaV', '6k7TX5dxiKZiwMWTn8ZKbl', '5QoPmqq8UfE0zsTWkM3CQD', '1Z3HvW1V35gdsbhY20SMoU', '7AjokpCIqf0gHMZJlodw2k', '7boQqq2hUcz9kHcQOecG4j', '276kc3wR6o0EgYCSMiHBqz', '3n6RTmT1sgWeNNCfPyJMw3', '1zrMGaRSRvx67vF4xzvUcu', '3s1xcekYgnSkBm8QK1uBYD', '4TqmaFJYM8SvuhrunxpmT3', '1RveGnAd4wvzn6LTEdzuoA', '6bvzW28MI89yFg4k5NTkR3', '3USpNaxpX1iNqNnQWqg9ob', '4hSGrfIm5xRloHXESKxrFd', '0WbeGaye1H1KUdYWzYlTmk']","['Mac Dre', 'B-Legit', 'Mistah F.A.B.', 'Too $hort', 'Keak Da Sneak', 'Celly Cel', 'Messy Marv', 'The Jacka', 'Suga Free', 'Andre Nickatina', 'J. Stalin', 'Philthy Rich', 'C-Bo', 'The Click', 'Spice 1', 'J-Diggs', 'RBL Posse', 'Mack 10', 'Richie Rich', 'Dru Down']"
16944.0,3gIWD9hK0VEhgsSrLu19PU,https://i.scdn.co/image/ab67616d0000b2733ad321d9c2b312c8fda5207c,YN Jay,63.0,36.0,"['6O1vRHWVGKJTnWuJmItnsx', '3C1bStPNVIPmGIrORT5OlF', '7af6WhCUemo7a4L2fk5N2X', '1j9595o6FMO4iLwci19nvo', '26qmuJTgE3g67pPClBQ3Iu', '3zZ88AwlTwfCJkowsFCvLA', '15oLsNy8mZYaIukh4eDhXy', '5OHfcsZ8fneKjS64QqFST0', '4cvioOApDsIRQKVaEnqB9z', '1h6ob3DaPqHakcGmqbzLWa', '6oE62Fa2YT9CoXuHDGUqYJ', '1ZbmerOthZbxz5eR3c9Mn1', '5jGqKmL1iBtlEb3LZovw8Y', '0nsO60VA1qoO308e9cYEPR', '0B3kMiB21aPQlKumGDr4c7', '2JSwnwAT1BupAQkhqcRCUw', '6lEhBhAv6HOopjXssi09cq', '5o9e9YHe1OVQcbMv3Rvk32', '4U44HqrUwzfE2GEx9NXllw', '6lOaHNmL3l3hKDGNf0egfs']","['Rio Da Yung Og', 'Bfb Da Packman', 'Drego & Beno', 'Rmc Mike', 'Cash Kidd', 'Babyface Ray', 'Baby Smoove', 'Damedot', 'Band Gang Lonnie Bands', 'FMB DZ', 'Damjonboi', 'Icewear Vezzo', 'Teejayx6', 'KrispyLife Kidd', 'Veeze', 'Sada Baby', 'TisaKorean', 'Allstar JR', 'Louie Ray', 'Peezy']"
5170218.0,5yG7ZAZafVaAlMTeBybKAL,https://i.scdn.co/image/dbce20d627064b91f531570967dd0ba36f5d32f8,Iggy Azalea,76.0,37.0,"['7gRhy3MIPHQo5CXYfWaw9I', '51xJF4OqJPHWop1fv0VVyd', '3amwMyDd1uxTBoUZlazZ9m', '0hCNtLu0JehylgoiP8L4Gh', '4o4tLTIJ3eWMFerz73atcT', '4m4SfDVbF5wxrwEjDKgi4k', '6wPhSqRtPu1UhRCDX5yaDJ', '3AuMNF8rQAKOzjYppFNAoB', '40xbWSB4JPdOkRyuTDy1oP', '085pc2PYOi8bGKj0PNjekA', '4yiQZ8tQPux8cPriYMWUFP', '2cWZOOzeOm4WmBJRnD5R7I', '4PrinKSrmILmo0kERG0Ogn', '0NIIxcxNHmOoyBx03SfTCD', '3r17AfJCCUqC9Lf0OAc73G', '5xuNBZoM7z1Vv8IQ6uM0p6', '2NdeV5rLm47xAvogXrYhJX', '2YFBOR9KIxC6WqHclkj9Yq', '0bOlhT8OcoC1lCpN69NcFP', '25uiPmTg16RbhZWAqwLBy5']","['Azealia Banks', 'Kreayshawn', 'Brooke Candy', 'Nicki Minaj', 'Qveen Herby', 'Cher Lloyd', 'The Pussycat Dolls', 'Kelly Rowland', 'Nicole Scherzinger', 'will.i.am', 'Gwen Stefani', 'Normani', 'Trina', 'Tinashe', 'Fergie', 'JoJo', 'Ciara', 'Keke Palmer', 'Kat Deluna', 'Charli XCX']"
2233920.0,1vfezMIyCr4XUdYRaKIKi3,https://i.scdn.co/image/0a5f449c2db42f645042756871625000ca482038,Keyshia Cole,71.0,38.0,"['6nzxy2wXs6tLgzEtqOkEi2', '7xAcVHPiirnUqfdqo0USb1', '05oH07COxkXKIMt6mIPRee', '7gSjFKpVmDgC2MMsnN8CYq', '4O2YL4ygn6eTBC0w1hyWUM', '15Dh5PvHQj909E0RgAe0aN', '08rMCq2ek1YjdDBsCPVH2s', '0le01dl1WllSHhjEXRl4in', '6lHL3ubAMgSasKjNqKb8HF', '5NDMothbpdpq2xHqSjrrWn', '3AuMNF8rQAKOzjYppFNAoB', '63wjoROpeh5f11Qm93UiJ1', '2retT7MFwHDVTeGKDdybEx', '1MT1Wz4G9Z9EVOg4L5zZMS', '4PrinKSrmILmo0kERG0Ogn', '49FeZO3eSrJs7oH7lYLU1r', '5xenrbYhp4IRydrWpBe4Bx', '0urTpYCsixqZwgNTkPJOJ4', '1c70yCa8sRgIiQxl3HOEFo', '5rkVyNGXEgeUqKkB5ccK83']","['Monica', 'Fantasia', 'Brandy', 'Jazmine Sullivan', 'Melanie Fiona', 'Nivea', 'Amerie', 'Tamia', 'Mýa', 'Faith Evans', 'Kelly Rowland', 'Keri Hilson', 'K. Michelle', 'Tamar Braxton', 'Trina', 'Kelly Price', 'LeToya', 'Aaliyah', 'Cherish', 'Ashanti']"
4520.0,1yI0tX9OnfOx9siPj8KNOO,https://i.scdn.co/image/84da43efb86a219949366e150a122c3c79c18c5c,Ralfy the Plug,40.0,39.0,"['2dEmIfxJxjxQi7nvogEr2Q', '6T4tcUkLcppayRBkcjXR0V', '0doHBzLLsQPvw51PMryi0k', '0EAHtZWQM2YT88U4mZFKr8', '6dDYzL1z0H3RaJdGskrGaP', '5tg5JDw7tQiZdJCShs9rk9', '0oBZgZqdcpgOamLB8n5lXF', '1qPjeAlCU4Dr6aEv8o1w1t', '13iHfCJycQVyCypXHeVMoU', '7dNCRNiiTwtXQwMzYsy0Le', '4y5IK8VBswkl40ltpHI5o9', '33YOw3idBhwSFkYkktqssV', '40jihEUOTuy5WTQDUTsZCN', '5cArDHkqduJNS4bIuR1mnU', '0gKzj2InBeCnbAkTylMEnd', '11El2K2cdxaTdW74vNde3f', '7qO4qSUIFG24jOcyADieeH', '31t9hT68QYCDPWkkUVrQjY', '7q836WTO8OHUS85E2RyxxA', '1l61CX1j6go8arTjPH9wy0']","['Stinc Team', 'Ketchy the Great', 'SaysoTheMac', 'GoodFinesse', 'Laudiano', 'AzSwaye', 'TrapDes', 'AFN Peso', 'Ron-RonTheProducer', 'Duse Beatz', 'Almighty Suspect', 'Peso Da Goon', 'YS', 'Kt Foreign', 'BravoFlexin', 'AcetheFace', 'White John', 'Bravo the Bagchaser', 'Rucci', 'BlueBucksClan']"
25014509.0,6vWDO969PvNqNYHIOW5v0m,https://i.scdn.co/image/ad8b0e5a18a5a443a2678768bd73f59833941abc,Beyoncé,90.0,40.0,"['4fpTMHe34LC5t3h5ztK8qu', '0AsThoR4KZSVktALiNcQwW', '2auiVi8sUZo17dLy1HwrTU', '2DlGxzQSjYe5N6G9nkYghR', '3AuMNF8rQAKOzjYppFNAoB', '5pKCCKE2ajJHZ9KAiaK11H', '6wPhSqRtPu1UhRCDX5yaDJ', '1Y8cdNmUJH7yBTd9yOvr5i', '0NIIxcxNHmOoyBx03SfTCD', '3r17AfJCCUqC9Lf0OAc73G', '2NdeV5rLm47xAvogXrYhJX', '5xuNBZoM7z1Vv8IQ6uM0p6', '05oH07COxkXKIMt6mIPRee', '3DiDSECUqqY1AuBP8qtaIa', '1vfezMIyCr4XUdYRaKIKi3', '0cGUm45nv7Z6M6qdXYQGTX', '7gSjFKpVmDgC2MMsnN8CYq', '0hCNtLu0JehylgoiP8L4Gh', '2AQjGvtT0pFYfxR3neFcvz', '35GL8Cu2GKTcHzKGi75xl5']","['The Carters', 'Chloe x Halle', 'Solange', 'Jennifer Lopez', 'Kelly Rowland', 'Rihanna', 'The Pussycat Dolls', ""Destiny's Child"", 'Tinashe', 'Fergie', 'Ciara', 'JoJo', 'Brandy', 'Alicia Keys', 'Keyshia Cole', 'Kehlani', 'Jazmine Sullivan', 'Nicki Minaj', 'Jordin Sparks', 'Jennifer Hudson']"
4544899.0,20sxb77xiYeusSH8cVdatc,https://i.scdn.co/image/2c9ec5abeb91b41b6fac18ec974c7a2b85319c5d,Meek Mill,83.0,41.0,"['1sBkRIssrMs1AbVkOJbc7a', '6vXTefBL93Dj5IqAWq6OTv', '5oNgAs7j5XcBMzWv3HAnHG', '67nwj3Y5sZQLl72VNUHEYE', '0YWxKQj2Go9CGHCp77UOyy', '0EeQBlQJFiAfJeVN2vT9s0', '17lzZA2AlOHwCwFALHttmp', '6f4XkbvYlXMH0QgVRzW0sM', '31HjiqargV4NAw4GZqUale', '0ONHkAv9pCAFxb0zJwDNTy', '5OrB6Jhhrl9y2PK0pSV4VP', '6Ha4aES39QiVjR0L2lwuwq', '5gCRApTajqwbnHHPbr2Fpi', '28ExwzUQsvgJooOI0X1mr3', '2jku7tDXc6XoB6MO2hFuqg', '6AMa1VFQ7qCi61tCRtVWXe', '4yBK75WVCQXej1p04GWqxH', '6KZDXtSj0SzGOV705nNeh3', '0c173mlxpT3dSFRgMO8XPh', '5pnbUBPifNnlusY8kTBivi']","['Rick Ross', 'French Montana', 'DJ Drama', 'Wale', 'Fabolous', 'Nipsey Hussle', '2 Chainz', 'Waka Flocka Flame', 'Ace Hood', 'Pusha T', 'Young Money', 'Yo Gotti', 'Juicy J', 'Jay Rock', 'Tory Lanez', 'Jim Jones', 'Jeezy', 'Kid Ink', 'Big Sean', 'Jadakiss']"
84340.0,6vZUJpsm4VHjSWpedp05vg,https://i.scdn.co/image/89268c4b207c80ef7450d44e85f1e0045f500612,Trevor Jackson,52.0,42.0,"['7t7KCNFOwuMChaQg6L8I69', '756t7CBmWLNYsshVtS6P44', '2LuUALONla8DJRSCiGONBp', '0tqGegfp4LA38TZ807OdzM', '76JyRfZDqhAIow2Awv91iW', '6TrQLQR8tUluPbmdPy6jqY', '5kmcKvoT2hRuXOGnjcXc8e', '4p07QU02SrLsaORo25h2Lg', '65OtBLtkrifQrdTlKI90IR', '49ygis4xkYsXbHMGCD7ajq', '4E7AV8mtElSjHZP3xA9kyU', '06s0Xoir4hPLHbeBhJBPBa', '5ae3MM8dgOn3QPHzqFDJlY', '0EgUow5z0SXVA9lunNSB1q', '4U6sGpoCZvYkwmwB3VtRTW', '0m9husdLSRyNHOuxFAr5hB', '2waKklOyXKNqhqIOmE4yBA', '4WcJL1x8azi1Qkv4jc6fhH', '6If57j6e3TXXk0HiLcIZca', '1sXjt6XF2hUgabKoaksNu3']","['Jacob Latimore', 'Tone Stith', 'Diggy', 'Adrian Marcel', 'B. Smyth', 'ELHAE', 'MIKExANGEL', 'Sammie', 'Elijah Blake', 'Kalin White', 'Luke James', ""Ar'mon & Trey"", 'Kevin Ross', 'Verse Simmonds', 'Elliott Trent', 'Rayven Justice', 'Mindless Behavior', 'Devvon Terrell', 'Sevyn Streeter', 'Nieman J']"
200496.0,0399oiMcmbOzzsYQDNYqxn,https://i.scdn.co/image/6d4880dbb0d1b3e96260b8bee194069a707cd057,Problem,64.0,43.0,"['0FJpfR5Bq5EBl2xi0LAp1v', '54QA4zjZDOyaLN8bVthBjP', '2ZavqCJe7uqkRpISes0NFi', '7zmuMr74dNGqjq74uibncO', '55TH3aMMK1u2VsR8DPGC6D', '4Q2hTDZYFCohf17D5GvkIb', '3DiSC0nSNNWpPy5ZK3mcrz', '276kc3wR6o0EgYCSMiHBqz', '1sPpJhevOYz54gNgeh2LaV', '7AjokpCIqf0gHMZJlodw2k', '3n6RTmT1sgWeNNCfPyJMw3', '4AA474G2hRfrHyGrfyDseO', '5QoPmqq8UfE0zsTWkM3CQD', '3s8alQfNnY0roAHaJh7Xxt', '6nltEpEZtqZD1v4YJLlaZI', '6hSbppor1AmH9RGzyxOcGT', '2lrtGWxNXWjd0JzDLKXubI', '2QLM9IFaHBtB16b8ZDaA3A', '3crnzLy8R4lVwaigKEOz7V', '1Z3HvW1V35gdsbhY20SMoU']","['Clyde Carson', 'Joe Moses', 'Iamsu!', 'Kool John', 'Mistah F.A.B.', 'G Perico', 'Nef The Pharaoh', 'J. Stalin', 'Keak Da Sneak', 'Suga Free', 'Philthy Rich', 'Mozzy', 'Messy Marv', 'Dom Kennedy', 'B-Legit', 'Chevy Woods', 'Berner', 'P-Lo', 'E-40', 'The Jacka']"
987.0,1q2nUylEqrRJkiDkXa39Mw,https://i.scdn.co/image/ab67616d0000b27333d8344525daad7cbefd37c0,YoungThreat,26.0,44.0,"['4JxatpbcAgr7UWnIngnNPD', '7vDy8i8XeT4KIHiHHyK68E', '0zQy47x2qJQ6J3pvjBwDZ5', '5u2OAxF8Fz7s7BwusF0w7h', '5a9jbP96ZRy1Olan4epgKg', '28VvAqmNsF3N5Z9XhEAwrB', '2Xs5d841h62itOX9RuPjk2', '38AzwuDc0OKXF7Yx7SsrOf', '2Ml5iYHwdzoeWFGoFYC1HW', '6wrQP6EAQRd8GLl9tilJdH', '1Vh6MAxEaUJusA1hwzrLhm', '4ZdF7XtdWwvhE0ezhTNLtk', '1aQRe18EFgH0nxSm9bmo4v', '1l61CX1j6go8arTjPH9wy0', '70LeECrcNFIOvGZqe8byzQ', '4y5IK8VBswkl40ltpHI5o9', '6zHvnXZ2cGOu5pVeJfJ4Ne', '6CPTMFjo7Sq3ACuzHsXVkt', '6cUpFVxDYWed9WxtC4QgC5', '0788Kk8S8NrmerJNFwNMrC']","['Spank Nitti James', 'Teeezy', 'Johnny Rose', 'GoGetta.Kb', 'ComptonAsstg', 'Dmb Gotti', 'Saviii 3rd', 'Jooba Loc', 'Poke', 'Conradfrmdaaves', 'Coot Corleone', 'Nfant', 'DW FLAME', 'BlueBucksClan', 'Trucarr', 'Almighty Suspect', 'TB DaGunSlanga', 'Big Sad 1900', 'Wallie the Sensei', 'Gudda Mack']"
3502297.0,4OBJLual30L7gRl5UkeRcT,https://i.scdn.co/image/eae4a88e33baad4b4ce4605aa074c45766e94d09,T.I.,81.0,45.0,"['5OrB6Jhhrl9y2PK0pSV4VP', '5oNgAs7j5XcBMzWv3HAnHG', '7jFaoqWPhYLrKzjzlpXmUO', '4pr7J7wzgObkE3DD3Izi7q', '45a6gCQWq61lIUDmr1tKuO', '35sCXuy5gN6Or69rZ9vqBs', '12FHARd9fY0Tu0ila4Ua25', '3ZooCJzNMTLpmJaIRUEorI', '1sBkRIssrMs1AbVkOJbc7a', '31HjiqargV4NAw4GZqUale', '3Y365ZqTf6fJ4ZcRnLKPGt', '4yBK75WVCQXej1p04GWqxH', '07VmOvmuBp9G0gb8BTrpn0', '6Ha4aES39QiVjR0L2lwuwq', '0st5vgzw9XkH5ALJiUM1lE', '3jksrX4oBklxR78ft8gv3j', '23LbwefIODbyGdRbAz3urj', '6AMa1VFQ7qCi61tCRtVWXe', '2OqENqJFXPORP4BUGnu2Qq', '3vDUJHQtqT3jFRZ2ECXDTi']","['Young Money', 'DJ Drama', 'David Banner', 'Young Buck', 'Bun B', 'Birdman', 'Trick Daddy', 'Young Dro', 'Rick Ross', 'Ace Hood', 'Gorilla Zoe', 'Jeezy', 'Mike Jones', 'Yo Gotti', 'Slim Thug', 'Plies', 'Yung Joc', 'Jim Jones', 'Youngbloodz', 'Lloyd Banks']"
5988526.0,5LHRHt1k9lMyONurDHEdrp,https://i.scdn.co/image/80ba1d2870effe233433ec72dce98e0436cac5b4,Tyga,89.0,46.0,"['6KZDXtSj0SzGOV705nNeh3', '5OrB6Jhhrl9y2PK0pSV4VP', '6vXTefBL93Dj5IqAWq6OTv', '6z1cicLMt9XArxN10q7m8a', '2jku7tDXc6XoB6MO2hFuqg', '0QHgL1lAIqAw0HtD7YldmP', '3KV3p5EY4AvKxOlhGHORLg', '137W8MRPWKqSmrBGDBFSop', '7c0XG5cIJTrrAgEC3ULPiq', '3aQeKQSyrW4qWr35idm0cy', '6Ha4aES39QiVjR0L2lwuwq', '5gCRApTajqwbnHHPbr2Fpi', '17lzZA2AlOHwCwFALHttmp', '6f4XkbvYlXMH0QgVRzW0sM', '20sxb77xiYeusSH8cVdatc', '0c173mlxpT3dSFRgMO8XPh', '31HjiqargV4NAw4GZqUale', '0A0FS04o6zMoto8OKPsDwY', '6d47Z08T4snK50HgTEHo5Z', '0JOxt5QOwq0czoJxvSc5hS']","['Kid Ink', 'Young Money', 'French Montana', 'Travis Porter', 'Tory Lanez', 'DJ Khaled', 'Jeremih', 'Wiz Khalifa', 'Ty Dolla $ign', 'T-Pain', 'Yo Gotti', 'Juicy J', '2 Chainz', 'Waka Flocka Flame', 'Meek Mill', 'Big Sean', 'Ace Hood', 'YG', 'Sage The Gemini', 'GASHI']"
1472115.0,2wIVse2owClT7go1WT98tk,https://i.scdn.co/image/ccbbf5f1d3023fd27ddbb84872853148f12e5687,Missy Elliott,77.0,47.0,"['0urTpYCsixqZwgNTkPJOJ4', '5tth2a3v0sWwV1C7bApBdX', '4d3yvTptO48nOYTPBcPFZC', '6lHL3ubAMgSasKjNqKb8HF', '1wvlC6NwleHt1iRD6d5X2C', '4PrinKSrmILmo0kERG0Ogn', '08rMCq2ek1YjdDBsCPVH2s', '0IF46mUS8NXjgHabxk2MCM', '3AuMNF8rQAKOzjYppFNAoB', '1urjDGTd4iBze91Z1W1gu7', '2I1bnmb9VQEQGKHxvr0gSf', '6zDBeei6hHRiZdAJ6zoTCo', '2NdeV5rLm47xAvogXrYhJX', '05oH07COxkXKIMt6mIPRee', '2S8UlyXW4JjjHcbeg8ddIo', '0TImkz4nPqjegtVSMZnMRq', '5NDMothbpdpq2xHqSjrrWn', '7r8RF1tN2A4CiGEplkp1oP', '6nzxy2wXs6tLgzEtqOkEi2', '5fikk4h5qbEebqK2Fc6e48']","['Aaliyah', ""Lil' Kim"", 'Eve', 'Mýa', 'Foxy Brown', 'Trina', 'Amerie', 'Kelis', 'Kelly Rowland', 'Total', 'Da Brat', 'Tweet', 'Ciara', 'Brandy', '702', 'TLC', 'Faith Evans', 'Ginuwine', 'Monica', 'En Vogue']"
19198421.0,0hCNtLu0JehylgoiP8L4Gh,https://i.scdn.co/image/2a832cd2b8dd5d0deef6d682ca52ea29f5dda859,Nicki Minaj,92.0,48.0,"['5yG7ZAZafVaAlMTeBybKAL', '0cGUm45nv7Z6M6qdXYQGTX', '63XBtGSEZINSyXylZxEUbv', '1l8Fu6IkuTP0U5QetQJ5Xt', '3u579Gdap91lMptBSdXTpf', '5pKCCKE2ajJHZ9KAiaK11H', '2ExGrw6XpbtUAJHTLtUXUD', '2NdeV5rLm47xAvogXrYhJX', '3r17AfJCCUqC9Lf0OAc73G', '7gRhy3MIPHQo5CXYfWaw9I', '4kYSro6naA4h99UJvo89HB', '3AuMNF8rQAKOzjYppFNAoB', '1BhWF9W2PngtPSyobKg0rP', '0AsThoR4KZSVktALiNcQwW', '37hAfseJWi0G3Scife12Il', '3KV3p5EY4AvKxOlhGHORLg', '7HkdQ0gt53LP4zmHsL0nap', '0NIIxcxNHmOoyBx03SfTCD', '181bsRPaVXVlUKXrxwZfHK', '6vWDO969PvNqNYHIOW5v0m']","['Iggy Azalea', 'Kehlani', 'Victoria Monét', 'Fifth Harmony', 'Kash Doll', 'Rihanna', 'Stefflon Don', 'Ciara', 'Fergie', 'Azealia Banks', 'Cardi B', 'Kelly Rowland', 'Pia Mia', 'Chloe x Halle', 'City Girls', 'Jeremih', 'Ella Mai', 'Tinashe', 'Megan Thee Stallion', 'Beyoncé']"
1210823.0,3jksrX4oBklxR78ft8gv3j,https://i.scdn.co/image/336e8483ab962ecae9368c4d0e78dcb642c7e86a,Plies,71.0,49.0,"['0T5OJgMVjKIX3b3W3ekqOl', '6aIm51fHkokqlJn2vzNTH8', '3ZooCJzNMTLpmJaIRUEorI', '3Y365ZqTf6fJ4ZcRnLKPGt', '23LbwefIODbyGdRbAz3urj', '5oNgAs7j5XcBMzWv3HAnHG', '12FHARd9fY0Tu0ila4Ua25', '07VmOvmuBp9G0gb8BTrpn0', '36HvjE9pV91jEjO1qBRidS', '6Ha4aES39QiVjR0L2lwuwq', '35sCXuy5gN6Or69rZ9vqBs', '5OrB6Jhhrl9y2PK0pSV4VP', '5mNB8ykTlENptzmsxXRtdS', '7jFaoqWPhYLrKzjzlpXmUO', '3D04N2X2w6vUGeyG94FBaY', '0rG0AZBscc8S8q1ahIsasI', '2OqENqJFXPORP4BUGnu2Qq', '45a6gCQWq61lIUDmr1tKuO', '7v9bFXCdSMA2o3gS4nvp0F', '1fQ46lgoUCz8FVXdTVNk0a']","['Rocko', 'Webbie', 'Young Dro', 'Gorilla Zoe', 'Yung Joc', 'DJ Drama', 'Trick Daddy', 'Mike Jones', 'B.G.', 'Yo Gotti', 'Birdman', 'Young Money', 'Shawty Lo', 'David Banner', 'Pastor Troy', 'Juvenile', 'Youngbloodz', 'Bun B', 'Pimp C', 'Hurricane Chris']"
